ID,Game Name,Cover
A Bastards Tale,A Bastards Tale,https://images.igdb.com/igdb/image/upload/t_cover_big/co30xz.jpg
A Boy and His Blob,A Boy and His Blob,https://images.igdb.com/igdb/image/upload/t_cover_big/co1omr.jpg
A Fishermans Tale,A Fishermans Tale,https://images.igdb.com/igdb/image/upload/t_cover_big/co1iaz.jpg
A Hat in Time,A Hat in Time,https://images.igdb.com/igdb/image/upload/t_cover_big/cob1uc.jpg
A Hole New World,A Hole New World,https://images.igdb.com/igdb/image/upload/t_cover_big/co1ljk.jpg
A Jugglers Tale,A Jugglers Tale,https://images.igdb.com/igdb/image/upload/t_cover_big/co78l7.jpg
A Kings Tale Final Fantasy XV,A Kings Tale Final Fantasy XV,https://images.igdb.com/igdb/image/upload/t_cover_big/co23t0.jpg
A Knights Quest,A Knights Quest,https://images.igdb.com/igdb/image/upload/t_cover_big/co6t1d.jpg
A Little To The Left,A Little To The Left,https://images.igdb.com/igdb/image/upload/t_cover_big/co887d.jpg
A Monsters Expedition,A Monsters Expedition,https://images.igdb.com/igdb/image/upload/t_cover_big/co2eop.jpg
A Pixel Story,A Pixel Story,https://images.igdb.com/igdb/image/upload/t_cover_big/co270n.jpg
A Plague Tale Innocence,A Plague Tale Innocence,https://images.igdb.com/igdb/image/upload/t_cover_big/co1lat.jpg
A Ressha de Ikou Exp,A Ressha de Ikou Exp,https://images.igdb.com/igdb/image/upload/t_cover_big/co23ok.jpg
A Short Hike,A Short Hike,https://images.igdb.com/igdb/image/upload/t_cover_big/co6e83.jpg
A Space for The Unbound,A Space for The Unbound,https://images.igdb.com/igdb/image/upload/t_cover_big/co62kn.jpg
A Train,A Train,https://images.igdb.com/igdb/image/upload/t_cover_big/co44uz.jpg
A Train Express,A Train Express,https://images.igdb.com/igdb/image/upload/t_cover_big/co23ok.jpg
A Way Out,A Way Out,https://images.igdb.com/igdb/image/upload/t_cover_big/co2fc6.jpg
A Year of Springs,A Year of Springs,https://images.igdb.com/igdb/image/upload/t_cover_big/co4gup.jpg
AAA Dynamic Scenes,AAA Dynamic Scenes,https://images.igdb.com/igdb/image/upload/t_cover_big/co97k8.jpg
Aaero,Aaero,https://images.igdb.com/igdb/image/upload/t_cover_big/co1lji.jpg
Aarus Awakening​,Aarus Awakening​,
Abo Khashem,Abo Khashem,https://images.igdb.com/igdb/image/upload/t_cover_big/co1zuq.jpg
Aborigenus,Aborigenus,https://images.igdb.com/igdb/image/upload/t_cover_big/co1yf0.jpg
Absolum,Absolum,https://images.igdb.com/igdb/image/upload/t_cover_big/coatin.jpg
Absolute Drift Zen Edition,Absolute Drift Zen Edition,https://images.igdb.com/igdb/image/upload/t_cover_big/co1nel.jpg
Absolver,Absolver,https://images.igdb.com/igdb/image/upload/t_cover_big/co45wq.jpg
Abyss Odyssey Extended Dream Edition,Abyss Odyssey Extended Dream Edition,https://images.igdb.com/igdb/image/upload/t_cover_big/co317g.jpg
Abyss The Wraiths of Eden,Abyss The Wraiths of Eden,https://images.igdb.com/igdb/image/upload/t_cover_big/co1sab.jpg
ABZU,ABZU,https://images.igdb.com/igdb/image/upload/t_cover_big/co28sy.jpg
ACA NeoGeo Big Tournament Golf,ACA NeoGeo Big Tournament Golf,
ACA NeoGeo Blues Journey,ACA NeoGeo Blues Journey,https://images.igdb.com/igdb/image/upload/t_cover_big/coacly.jpg
ACA NeoGeo King of The Monsters,ACA NeoGeo King of The Monsters,
ACA NeoGeo King of The Monsters 2,ACA NeoGeo King of The Monsters 2,
ACA NeoGeo Metal Slug,ACA NeoGeo Metal Slug,
ACA NeoGeo Metal Slug 3,ACA NeoGeo Metal Slug 3,
ACA NeoGeo Metal Slug 5,ACA NeoGeo Metal Slug 5,
ACA NeoGeo Puzzle Bobble,ACA NeoGeo Puzzle Bobble,
ACA NeoGeo SpinMaster,ACA NeoGeo SpinMaster,
ACA NeoGeo The King of Fighters 2000,ACA NeoGeo The King of Fighters 2000,
ACA NeoGeo The King of Fighters 95,ACA NeoGeo The King of Fighters 95,https://images.igdb.com/igdb/image/upload/t_cover_big/coadma.jpg
ACA NeoGeo The King of Fighters 98,ACA NeoGeo The King of Fighters 98,
ACA NeoGeo The Super Spy,ACA NeoGeo The Super Spy,
ACA NeoGeo Twinkle Star Sprites,ACA NeoGeo Twinkle Star Sprites,
ACA NeoGeo World Heroes Perfect,ACA NeoGeo World Heroes Perfect,
Accel World Vs Sword Art Online,Accel World Vs Sword Art Online,https://images.igdb.com/igdb/image/upload/t_cover_big/co24wf.jpg
Access Denied,Access Denied,https://images.igdb.com/igdb/image/upload/t_cover_big/co3kyq.jpg
Accounting Plus,Accounting Plus,https://images.igdb.com/igdb/image/upload/t_cover_big/co22m0.jpg
Ace Attorney Investigations Collection,Ace Attorney Investigations Collection,https://images.igdb.com/igdb/image/upload/t_cover_big/cobau4.jpg
Ace Banana,Ace Banana,https://images.igdb.com/igdb/image/upload/t_cover_big/fvxtaatulttzotlp8hm7.jpg
Ace Combat 04 Shattered Skies,Ace Combat 04 Shattered Skies,https://images.igdb.com/igdb/image/upload/t_cover_big/cobr0u.jpg
Ace Combat 2,Ace Combat 2,https://images.igdb.com/igdb/image/upload/t_cover_big/co2pdj.jpg
Ace Combat 3 Electrosphere,Ace Combat 3 Electrosphere,https://images.igdb.com/igdb/image/upload/t_cover_big/co8duy.jpg
Ace Combat 5 The Unsung War,Ace Combat 5 The Unsung War,https://images.igdb.com/igdb/image/upload/t_cover_big/co1osm.jpg
Ace Combat 7 Skies Unknown,Ace Combat 7 Skies Unknown,https://images.igdb.com/igdb/image/upload/t_cover_big/co1ilk.jpg
Ace Combat Distant Thunder,Ace Combat Distant Thunder,
Ace Combat Zero The Belkan War,Ace Combat Zero The Belkan War,https://images.igdb.com/igdb/image/upload/t_cover_big/co6o8z.jpg
Aces of The Luftwaffe,Aces of The Luftwaffe,https://images.igdb.com/igdb/image/upload/t_cover_big/co2sda.jpg
Aces of The Luftwaffe Squadron,Aces of The Luftwaffe Squadron,https://images.igdb.com/igdb/image/upload/t_cover_big/co22m1.jpg
Achilles Legends Untold,Achilles Legends Untold,https://images.igdb.com/igdb/image/upload/t_cover_big/co3i89.jpg
Achtung Cthulhu Tactics,Achtung Cthulhu Tactics,https://images.igdb.com/igdb/image/upload/t_cover_big/icji8t24wxt9h9kzqxwz.jpg
Aconcagua,Aconcagua,https://images.igdb.com/igdb/image/upload/t_cover_big/co1oj0.jpg
ACT IT OUT A Game of Charades,ACT IT OUT A Game of Charades,https://images.igdb.com/igdb/image/upload/t_cover_big/co2pds.jpg
Action Man Destruction X,Action Man Destruction X,https://images.igdb.com/igdb/image/upload/t_cover_big/co243k.jpg
Action Man Operation Extreme,Action Man Operation Extreme,https://images.igdb.com/igdb/image/upload/t_cover_big/co290c.jpg
Active Soccer 2 DX,Active Soccer 2 DX,https://images.igdb.com/igdb/image/upload/t_cover_big/co2zti.jpg
Actraiser Renaissance,Actraiser Renaissance,https://images.igdb.com/igdb/image/upload/t_cover_big/co3vli.jpg
Actua Golf 2,Actua Golf 2,
Actua Golf 3,Actua Golf 3,https://images.igdb.com/igdb/image/upload/t_cover_big/co49up.jpg
Actua Ice Hockey,Actua Ice Hockey,https://images.igdb.com/igdb/image/upload/t_cover_big/co5yvo.jpg
Actua Ice Hockey 2,Actua Ice Hockey 2,https://images.igdb.com/igdb/image/upload/t_cover_big/co5trk.jpg
Actua Soccer 2,Actua Soccer 2,https://images.igdb.com/igdb/image/upload/t_cover_big/co5yx1.jpg
Adams Venture Origins,Adams Venture Origins,https://images.igdb.com/igdb/image/upload/t_cover_big/co229k.jpg
Addie no Okurimono To Moze From Addie,Addie no Okurimono To Moze From Addie,https://images.igdb.com/igdb/image/upload/t_cover_big/co2gfz.jpg
Adiboo and Pazirals Secret,Adiboo and Pazirals Secret,https://images.igdb.com/igdb/image/upload/t_cover_big/co8i5j.jpg
Adidas Power Soccer 98,Adidas Power Soccer 98,https://images.igdb.com/igdb/image/upload/t_cover_big/rxriveeajf922vk4i5vb.jpg
Adidas Power Soccer International 97,Adidas Power Soccer International 97,https://images.igdb.com/igdb/image/upload/t_cover_big/ed3vzkjqsxehdxdeo1jq.jpg
ADK Damashii,ADK Damashii,https://images.igdb.com/igdb/image/upload/t_cover_big/co9d2c.jpg
ADORE,ADORE,https://images.igdb.com/igdb/image/upload/t_cover_big/co6uev.jpg
ADR1FT,ADR1FT,https://images.igdb.com/igdb/image/upload/t_cover_big/co3wo2.jpg
Advan Racing,Advan Racing,https://images.igdb.com/igdb/image/upload/t_cover_big/lcoiw4qurvn10dhconof.jpg
Advanced VG,Advanced VG,https://images.igdb.com/igdb/image/upload/t_cover_big/co4ek3.jpg
Adventure Academia The Fractured Continent,Adventure Academia The Fractured Continent,https://images.igdb.com/igdb/image/upload/t_cover_big/co8chk.jpg
AdVenture Capitalist,AdVenture Capitalist,https://images.igdb.com/igdb/image/upload/t_cover_big/co6kpm.jpg
Adventure Pop,Adventure Pop,https://images.igdb.com/igdb/image/upload/t_cover_big/co22ma.jpg
Adventure Time Finn and Jake Investigations,Adventure Time Finn and Jake Investigations,https://images.igdb.com/igdb/image/upload/t_cover_big/co4vh7.jpg
Adventure Time Pirates of The Enchiridion,Adventure Time Pirates of The Enchiridion,https://images.igdb.com/igdb/image/upload/t_cover_big/co3wma.jpg
Adventures of Chris,Adventures of Chris,https://images.igdb.com/igdb/image/upload/t_cover_big/co6y7x.jpg
Adventures of Pip,Adventures of Pip,https://images.igdb.com/igdb/image/upload/t_cover_big/co2pe5.jpg
Aegis Defenders,Aegis Defenders,https://images.igdb.com/igdb/image/upload/t_cover_big/co1o35.jpg
Aegis of Earth Protonovus Assault,Aegis of Earth Protonovus Assault,https://images.igdb.com/igdb/image/upload/t_cover_big/coatk2.jpg
AER Memories of Old,AER Memories of Old,https://images.igdb.com/igdb/image/upload/t_cover_big/co1v8z.jpg
AereA,AereA,https://images.igdb.com/igdb/image/upload/t_cover_big/co2dhq.jpg
Aerial Knights Never Yield,Aerial Knights Never Yield,https://images.igdb.com/igdb/image/upload/t_cover_big/co2g4u.jpg
Aerial Life,Aerial Life,https://images.igdb.com/igdb/image/upload/t_cover_big/co7yzf.jpg
Aeterna Noctis,Aeterna Noctis,https://images.igdb.com/igdb/image/upload/t_cover_big/cobt6p.jpg
AeternoBlade,AeternoBlade,https://images.igdb.com/igdb/image/upload/t_cover_big/co7k1i.jpg
AeternoBlade 2,AeternoBlade 2,https://images.igdb.com/igdb/image/upload/t_cover_big/co1zuu.jpg
AEW Fight Forever,AEW Fight Forever,https://images.igdb.com/igdb/image/upload/t_cover_big/co6ngj.jpg
AFFECTED The Manor Complete Edition,AFFECTED The Manor Complete Edition,
After The Fall,After The Fall,https://images.igdb.com/igdb/image/upload/t_cover_big/co4a5m.jpg
Afterimage,Afterimage,https://images.igdb.com/igdb/image/upload/t_cover_big/co8o70.jpg
Agassi Tennis Generation,Agassi Tennis Generation,https://images.igdb.com/igdb/image/upload/t_cover_big/co6pa5.jpg
Agatha Christie Hercule Poirot The First Cases,Agatha Christie Hercule Poirot The First Cases,https://images.igdb.com/igdb/image/upload/t_cover_big/co6kpk.jpg
Agatha Christie Hercule Poirot The London Case,Agatha Christie Hercule Poirot The London Case,https://images.igdb.com/igdb/image/upload/t_cover_big/co6pgo.jpg
Agatha Christie Murder on The Orient Express,Agatha Christie Murder on The Orient Express,https://images.igdb.com/igdb/image/upload/t_cover_big/co6zbz.jpg
Agatha Christie The ABC Murders,Agatha Christie The ABC Murders,https://images.igdb.com/igdb/image/upload/t_cover_big/co2sdd.jpg
Age of Empires 2 The Age of Kings,Age of Empires 2 The Age of Kings,https://images.igdb.com/igdb/image/upload/t_cover_big/co55xo.jpg
Age of Wonders Planetfall,Age of Wonders Planetfall,https://images.igdb.com/igdb/image/upload/t_cover_big/co1r6n.jpg
Agent Armstrong,Agent Armstrong,https://images.igdb.com/igdb/image/upload/t_cover_big/co3yvy.jpg
Agent Intercept,Agent Intercept,https://images.igdb.com/igdb/image/upload/t_cover_big/co1r2r.jpg
Agents of Mayhem,Agents of Mayhem,https://images.igdb.com/igdb/image/upload/t_cover_big/co4cam.jpg
Ages of Mages The Last Keeper,Ages of Mages The Last Keeper,https://images.igdb.com/igdb/image/upload/t_cover_big/co3a3e.jpg
Aggelos,Aggelos,https://images.igdb.com/igdb/image/upload/t_cover_big/co1k0k.jpg
Aggressive Inline,Aggressive Inline,https://images.igdb.com/igdb/image/upload/t_cover_big/co6b69.jpg
Agile Warrior F 111X,Agile Warrior F 111X,https://images.igdb.com/igdb/image/upload/t_cover_big/co5ywe.jpg
Agony,Agony,https://images.igdb.com/igdb/image/upload/t_cover_big/co4r6g.jpg
AI The Somnium Files,AI The Somnium Files,https://images.igdb.com/igdb/image/upload/t_cover_big/cobbvz.jpg
AI The Somnium Files NirvanA Initiative,AI The Somnium Files NirvanA Initiative,https://images.igdb.com/igdb/image/upload/t_cover_big/cobbw0.jpg
Aibeya,Aibeya,https://images.igdb.com/igdb/image/upload/t_cover_big/coaqtp.jpg
Aikagi 2,Aikagi 2,https://images.igdb.com/igdb/image/upload/t_cover_big/co6muo.jpg
Aikagi Kimi to Isshoni Pack,Aikagi Kimi to Isshoni Pack,
Aikano Yukizora no Triangle,Aikano Yukizora no Triangle,https://images.igdb.com/igdb/image/upload/t_cover_big/cobiuv.jpg
Air Combat (1995),Air Combat (1995),
Air Conflicts Pacific Carriers PlayStation 4 Edition,Air Conflicts Pacific Carriers PlayStation 4 Edition,
Air Conflicts Secret Wars Ultimate Edition,Air Conflicts Secret Wars Ultimate Edition,https://images.igdb.com/igdb/image/upload/t_cover_big/co22n0.jpg
Air Force Special Ops Nightfall,Air Force Special Ops Nightfall,https://images.igdb.com/igdb/image/upload/t_cover_big/co983r.jpg
Air Hockey,Air Hockey,https://images.igdb.com/igdb/image/upload/t_cover_big/co56yh.jpg
Air Missions HIND,Air Missions HIND,https://images.igdb.com/igdb/image/upload/t_cover_big/co8chv.jpg
AirBlade,AirBlade,https://images.igdb.com/igdb/image/upload/t_cover_big/co2xtd.jpg
Airboure Troops Countdown to D Day,Airboure Troops Countdown to D Day,
Airmech Arena,Airmech Arena,https://images.igdb.com/igdb/image/upload/t_cover_big/co9fwr.jpg
Airoheart,Airoheart,https://images.igdb.com/igdb/image/upload/t_cover_big/co4tra.jpg
Airport Simulator Day and Night,Airport Simulator Day and Night,https://images.igdb.com/igdb/image/upload/t_cover_big/co8chy.jpg
Aiyoku no Eustia Angels Blessing,Aiyoku no Eustia Angels Blessing,https://images.igdb.com/igdb/image/upload/t_cover_big/co60pb.jpg
Akai Katana Shin,Akai Katana Shin,https://images.igdb.com/igdb/image/upload/t_cover_big/cob77l.jpg
Akibas Beat,Akibas Beat,https://images.igdb.com/igdb/image/upload/t_cover_big/co22mu.jpg
Akibas Trip 2 Directors Cut,Akibas Trip 2 Directors Cut,
Akibas Trip Hellbound and Debriefed,Akibas Trip Hellbound and Debriefed,https://images.igdb.com/igdb/image/upload/t_cover_big/co2fc7.jpg
Akibas Trip Undead and Undressed,Akibas Trip Undead and Undressed,https://images.igdb.com/igdb/image/upload/t_cover_big/co6g5s.jpg
Akinofa,Akinofa,https://images.igdb.com/igdb/image/upload/t_cover_big/co3ai8.jpg
Akka Arrh,Akka Arrh,https://images.igdb.com/igdb/image/upload/t_cover_big/co65k1.jpg
Akuji The Heartless,Akuji The Heartless,https://images.igdb.com/igdb/image/upload/t_cover_big/co5hww.jpg
Aladdin,Aladdin,https://images.igdb.com/igdb/image/upload/t_cover_big/co4l8t.jpg
Alan Wake Remastered,Alan Wake Remastered,https://images.igdb.com/igdb/image/upload/t_cover_big/co65aa.jpg
Albacete Warrior,Albacete Warrior,https://images.igdb.com/igdb/image/upload/t_cover_big/co39ox.jpg
Albert Odyssey Legend of Eldean,Albert Odyssey Legend of Eldean,https://images.igdb.com/igdb/image/upload/t_cover_big/co3z93.jpg
Alchemic Jousts,Alchemic Jousts,https://images.igdb.com/igdb/image/upload/t_cover_big/co8ci7.jpg
Alchemists Castle,Alchemists Castle,https://images.igdb.com/igdb/image/upload/t_cover_big/co9nij.jpg
Alekhines Gun,Alekhines Gun,https://images.igdb.com/igdb/image/upload/t_cover_big/co5x8i.jpg
Aleste Collection,Aleste Collection,https://images.igdb.com/igdb/image/upload/t_cover_big/co2uyh.jpg
Alex Kidd in Miracle World DX,Alex Kidd in Miracle World DX,https://images.igdb.com/igdb/image/upload/t_cover_big/co3c4f.jpg
Alexi Lalas International Soccer,Alexi Lalas International Soccer,https://images.igdb.com/igdb/image/upload/t_cover_big/co8i6a.jpg
Alfred Chicken,Alfred Chicken,https://images.igdb.com/igdb/image/upload/t_cover_big/co79jf.jpg
Alfred Hitchcock Vertigo,Alfred Hitchcock Vertigo,https://images.igdb.com/igdb/image/upload/t_cover_big/co391k.jpg
Alias,Alias,https://images.igdb.com/igdb/image/upload/t_cover_big/co7h51.jpg
Alice Gear Aegis CS Concerto of Simulatrix,Alice Gear Aegis CS Concerto of Simulatrix,https://images.igdb.com/igdb/image/upload/t_cover_big/cob6ec.jpg
Alien Hominid,Alien Hominid,https://images.igdb.com/igdb/image/upload/t_cover_big/co9tz5.jpg
Alien Isolation,Alien Isolation,https://images.igdb.com/igdb/image/upload/t_cover_big/co84mu.jpg
Alien Resurrection,Alien Resurrection,https://images.igdb.com/igdb/image/upload/t_cover_big/coaszn.jpg
Alien Syndrome,Alien Syndrome,https://images.igdb.com/igdb/image/upload/t_cover_big/co85m3.jpg
Alien Trilogy,Alien Trilogy,https://images.igdb.com/igdb/image/upload/t_cover_big/co67ti.jpg
Alienation,Alienation,https://images.igdb.com/igdb/image/upload/t_cover_big/co1ox0.jpg
Aliens Dark Descent,Aliens Dark Descent,https://images.igdb.com/igdb/image/upload/t_cover_big/co6liu.jpg
Aliens Fireteam Elite,Aliens Fireteam Elite,https://images.igdb.com/igdb/image/upload/t_cover_big/co3gu0.jpg
Aliens Versus Predator Extinction,Aliens Versus Predator Extinction,https://images.igdb.com/igdb/image/upload/t_cover_big/co9fon.jpg
Aliens vs Predator Requiem,Aliens vs Predator Requiem,https://images.igdb.com/igdb/image/upload/t_cover_big/co1pmu.jpg
Alisa Developers Cut,Alisa Developers Cut,https://images.igdb.com/igdb/image/upload/t_cover_big/co7u5e.jpg
All In One Sports VR,All In One Sports VR,https://images.igdb.com/igdb/image/upload/t_cover_big/co3ld1.jpg
All Star Fighters,All Star Fighters,https://images.igdb.com/igdb/image/upload/t_cover_big/co40ak.jpg
All Star Fruit Racing,All Star Fruit Racing,https://images.igdb.com/igdb/image/upload/t_cover_big/co28ty.jpg
All Star Tennis 2000,All Star Tennis 2000,https://images.igdb.com/igdb/image/upload/t_cover_big/co6psh.jpg
Allumette VR,Allumette VR,
Almost There The Platformer,Almost There The Platformer,https://images.igdb.com/igdb/image/upload/t_cover_big/co3lde.jpg
Alone In The Dark 2,Alone In The Dark 2,https://images.igdb.com/igdb/image/upload/t_cover_big/co9ole.jpg
Alone in The Dark One Eyed Jacks Revenge,Alone in The Dark One Eyed Jacks Revenge,
Alone in The Dark The New Nightmare,Alone in The Dark The New Nightmare,https://images.igdb.com/igdb/image/upload/t_cover_big/co9nug.jpg
Alone With You,Alone With You,https://images.igdb.com/igdb/image/upload/t_cover_big/co5790.jpg
Along Together,Along Together,https://images.igdb.com/igdb/image/upload/t_cover_big/co2cjm.jpg
Alphadia Genesis,Alphadia Genesis,https://images.igdb.com/igdb/image/upload/t_cover_big/co2c8j.jpg
Alphadia Genesis 2,Alphadia Genesis 2,https://images.igdb.com/igdb/image/upload/t_cover_big/co496i.jpg
Alpine Racer 3,Alpine Racer 3,https://images.igdb.com/igdb/image/upload/t_cover_big/co2yo2.jpg
Alpine Skiing 2005,Alpine Skiing 2005,https://images.igdb.com/igdb/image/upload/t_cover_big/co8p8e.jpg
Alpine The Simulation Game,Alpine The Simulation Game,https://images.igdb.com/igdb/image/upload/t_cover_big/co3p8e.jpg
Alternate Jake Hunter Daedalus The Awakening of Golden Jazz,Alternate Jake Hunter Daedalus The Awakening of Golden Jazz,
Alundra,Alundra,https://images.igdb.com/igdb/image/upload/t_cover_big/co3tlr.jpg
Alundra 2,Alundra 2,https://images.igdb.com/igdb/image/upload/t_cover_big/co4py4.jpg
Alwas Awakening,Alwas Awakening,https://images.igdb.com/igdb/image/upload/t_cover_big/co1zqw.jpg
Alwas Legacy,Alwas Legacy,https://images.igdb.com/igdb/image/upload/t_cover_big/co8cil.jpg
Always Sometimes Monsters,Always Sometimes Monsters,https://images.igdb.com/igdb/image/upload/t_cover_big/co2m8l.jpg
AM2R Another Metroid 2 Remake,AM2R Another Metroid 2 Remake,
Amaekata wa Kanojo Nari ni,Amaekata wa Kanojo Nari ni,https://images.igdb.com/igdb/image/upload/t_cover_big/co2gc1.jpg
Amagami EBKore Plus,Amagami EBKore Plus,
Amamane,Amamane,https://images.igdb.com/igdb/image/upload/t_cover_big/cobiuw.jpg
Amamane 2,Amamane 2,https://images.igdb.com/igdb/image/upload/t_cover_big/cobiux.jpg
AMAZE!,AMAZE!,https://images.igdb.com/igdb/image/upload/t_cover_big/co6qj2.jpg
Amazing Breaker,Amazing Breaker,https://images.igdb.com/igdb/image/upload/t_cover_big/co4k97.jpg
Amazing Discoveries In Outer Space,Amazing Discoveries In Outer Space,https://images.igdb.com/igdb/image/upload/t_cover_big/co2h4k.jpg
Amazing Princess Sarah,Amazing Princess Sarah,https://images.igdb.com/igdb/image/upload/t_cover_big/co8cio.jpg
American Fugitive,American Fugitive,https://images.igdb.com/igdb/image/upload/t_cover_big/co1rdk.jpg
American Ninja Warrior Challenge,American Ninja Warrior Challenge,https://images.igdb.com/igdb/image/upload/t_cover_big/co2490.jpg
American Pool,American Pool,https://images.igdb.com/igdb/image/upload/t_cover_big/rwxfvudsyynqbghqsm9z.jpg
Amerzone The Explorers Legacy,Amerzone The Explorers Legacy,https://images.igdb.com/igdb/image/upload/t_cover_big/co7uzm.jpg
Ammo Pigs Cocked and Loaded,Ammo Pigs Cocked and Loaded,https://images.igdb.com/igdb/image/upload/t_cover_big/co4iqb.jpg
Amnesia Collection,Amnesia Collection,https://images.igdb.com/igdb/image/upload/t_cover_big/co8jbk.jpg
Amnesia Rebirth,Amnesia Rebirth,https://images.igdb.com/igdb/image/upload/t_cover_big/co2iuo.jpg
Amnesia The Bunker,Amnesia The Bunker,https://images.igdb.com/igdb/image/upload/t_cover_big/co5us3.jpg
Among The Sleep,Among The Sleep,https://images.igdb.com/igdb/image/upload/t_cover_big/co3ywo.jpg
Among Us,Among Us,https://images.igdb.com/igdb/image/upload/t_cover_big/co1vdk.jpg
Amplitude,Amplitude,https://images.igdb.com/igdb/image/upload/t_cover_big/co1wwi.jpg
Anastasia,Anastasia,https://images.igdb.com/igdb/image/upload/t_cover_big/co99rm.jpg
Anata no Shikihime Kyoudoutan,Anata no Shikihime Kyoudoutan,
Ancestors Legacy,Ancestors Legacy,https://images.igdb.com/igdb/image/upload/t_cover_big/co1n25.jpg
Ancestors The Humankind Odyssey,Ancestors The Humankind Odyssey,https://images.igdb.com/igdb/image/upload/t_cover_big/co1rg8.jpg
Ancient Amuletor,Ancient Amuletor,https://images.igdb.com/igdb/image/upload/t_cover_big/co23ai.jpg
Ancient Roman Power of Dark Side,Ancient Roman Power of Dark Side,https://images.igdb.com/igdb/image/upload/t_cover_big/co543r.jpg
Andretti Racing,Andretti Racing,https://images.igdb.com/igdb/image/upload/t_cover_big/co50q4.jpg
Andro Dunos 2,Andro Dunos 2,https://images.igdb.com/igdb/image/upload/t_cover_big/co4oit.jpg
Angry Alligator,Angry Alligator,https://images.igdb.com/igdb/image/upload/t_cover_big/co3z9x.jpg
Angry Birds,Angry Birds,https://images.igdb.com/igdb/image/upload/t_cover_big/co8jrv.jpg
Angry Birds Star Wars,Angry Birds Star Wars,https://images.igdb.com/igdb/image/upload/t_cover_big/co7ynv.jpg
Angry Birds VR Isle of Pigs,Angry Birds VR Isle of Pigs,https://images.igdb.com/igdb/image/upload/t_cover_big/co2dvn.jpg
Angry Video Game Nerd I and II Deluxe,Angry Video Game Nerd I and II Deluxe,https://images.igdb.com/igdb/image/upload/t_cover_big/co2vi5.jpg
Anima Gate of Memories,Anima Gate of Memories,https://images.igdb.com/igdb/image/upload/t_cover_big/co28u3.jpg
Animal Doctor,Animal Doctor,https://images.igdb.com/igdb/image/upload/t_cover_big/co2x9e.jpg
Animal Football,Animal Football,
Animal Hospital,Animal Hospital,https://images.igdb.com/igdb/image/upload/t_cover_big/co79co.jpg
Animal Kart Racer 2,Animal Kart Racer 2,https://images.igdb.com/igdb/image/upload/t_cover_big/co7c2k.jpg
Animal Snap Rescue Them 2 by 2,Animal Snap Rescue Them 2 by 2,https://images.igdb.com/igdb/image/upload/t_cover_big/co4z9c.jpg
Animaniacs in Ten Pin Alley,Animaniacs in Ten Pin Alley,https://images.igdb.com/igdb/image/upload/t_cover_big/co7cqw.jpg
Animaniacs The Great Edgar Hunt,Animaniacs The Great Edgar Hunt,https://images.igdb.com/igdb/image/upload/t_cover_big/co1osq.jpg
Animus Revenant,Animus Revenant,https://images.igdb.com/igdb/image/upload/t_cover_big/co3lj5.jpg
Anna Kournikovas Smash Court Tennis,Anna Kournikovas Smash Court Tennis,https://images.igdb.com/igdb/image/upload/t_cover_big/co65nv.jpg
ANNO Mutationem Collectors Edition,ANNO Mutationem Collectors Edition,
Anodyne,Anodyne,https://images.igdb.com/igdb/image/upload/t_cover_big/co244r.jpg
Anomaly 2,Anomaly 2,https://images.igdb.com/igdb/image/upload/t_cover_big/co2sl9.jpg
Anonymous;Code,Anonymous;Code,https://images.igdb.com/igdb/image/upload/t_cover_big/co71xq.jpg
Another Sight,Another Sight,https://images.igdb.com/igdb/image/upload/t_cover_big/co57xq.jpg
Another World 20th Anniversary Edition,Another World 20th Anniversary Edition,https://images.igdb.com/igdb/image/upload/t_cover_big/co1ucg.jpg
Antiquia Lost,Antiquia Lost,https://images.igdb.com/igdb/image/upload/t_cover_big/co24aj.jpg
Antz Extreme Racing,Antz Extreme Racing,https://images.igdb.com/igdb/image/upload/t_cover_big/co6h1y.jpg
AnywhereVR,AnywhereVR,https://images.igdb.com/igdb/image/upload/t_cover_big/coa2g1.jpg
AO International Tennis,AO International Tennis,https://images.igdb.com/igdb/image/upload/t_cover_big/co3lke.jpg
Ao no Kanata no Four Rhythm HD Edition,Ao no Kanata no Four Rhythm HD Edition,https://images.igdb.com/igdb/image/upload/t_cover_big/co6022.jpg
AO Tennis 2,AO Tennis 2,https://images.igdb.com/igdb/image/upload/t_cover_big/co1xwu.jpg
Aoki Kakumeki no Valkyria (Valkyria Azure Revolution),Aoki Kakumeki no Valkyria (Valkyria Azure Revolution),
Ape Academy 2,Ape Academy 2,https://images.igdb.com/igdb/image/upload/t_cover_big/co2ngo.jpg
Ape Escape,Ape Escape,https://images.igdb.com/igdb/image/upload/t_cover_big/co2gzc.jpg
Ape Escape 2,Ape Escape 2,https://images.igdb.com/igdb/image/upload/t_cover_big/co2zhl.jpg
Ape Escape 3,Ape Escape 3,
Ape Escape Academy,Ape Escape Academy,
Ape Escape On The Loose,Ape Escape On The Loose,
Ape Escape Pumped and Primed,Ape Escape Pumped and Primed,
Ape Quest,Ape Quest,
Apex Construct,Apex Construct,
Apocalypse,Apocalypse,
Apollo 11 VR Experience,Apollo 11 VR Experience,
Apollo Justice Ace Attorney Trilogy,Apollo Justice Ace Attorney Trilogy,
Apotheon,Apotheon,
Apsulov End of Gods,Apsulov End of Gods,
Aqua GT,Aqua GT,
Aqua Moto Racing Utopia,Aqua Moto Racing Utopia,
Ar Nosurge Ode to an Unborn Star DX,Ar Nosurge Ode to an Unborn Star DX,
Ar Tonelico 2 Melody of Metafalica,Ar Tonelico 2 Melody of Metafalica,
Ar Tonelico Melody of Elemia,Ar Tonelico Melody of Elemia,
Aragami,Aragami,
Aragami 2,Aragami 2,
Arashi Castles of Sin,Arashi Castles of Sin,
Arc of Alchemist,Arc of Alchemist,
Arc The Lad,Arc The Lad,
Arc The Lad Twilight of The Spirits,Arc The Lad Twilight of The Spirits,
Arcade Archives AQUA JET,Arcade Archives AQUA JET,
Arcade Archives Double Dragon,Arcade Archives Double Dragon,
Arcade Archives Ninja Kid,Arcade Archives Ninja Kid,
Arcade Archives Ridge Racer,Arcade Archives Ridge Racer,
Arcade Archives Tank Battalion,Arcade Archives Tank Battalion,
Arcade Archives TANK FORCE,Arcade Archives TANK FORCE,
Arcade Archives VS Battle City,Arcade Archives VS Battle City,
Arcade Archives Vs Castlevania,Arcade Archives Vs Castlevania,
Arcade Game Series Galaga,Arcade Game Series Galaga,
Arcade Gears Gun Frontier,Arcade Gears Gun Frontier,
Arcade Gears Image Fight and XMultiply,Arcade Gears Image Fight and XMultiply,
Arcade Gears Pu Li Ru La,Arcade Gears Pu Li Ru La,
Arcade Gears Wonder 3,Arcade Gears Wonder 3,
Arcade Paradise,Arcade Paradise,
Arcade Party Pak,Arcade Party Pak,
Arcade Spirits,Arcade Spirits,
Arcade Spirits The New Challengers,Arcade Spirits The New Challengers,
Arcadegeddon,Arcadegeddon,
Arcades Greatest Hits The Midway Collection 2,Arcades Greatest Hits The Midway Collection 2,
Arcana Heart,Arcana Heart,
Arcania The Complete Tale,Arcania The Complete Tale,
Arcas Path VR,Arcas Path VR,
Archangel,Archangel,
Archer MaCleans 3D Pool,Archer MaCleans 3D Pool,
Area 51,Area 51,
Area 51 (1996),Area 51 (1996),
Argonauts Agency 1 Golden Fleece,Argonauts Agency 1 Golden Fleece,
Argonauts Agency 2 Pandoras Box,Argonauts Agency 2 Pandoras Box,
Argonauts Agency 3 Chair of Hephaestus,Argonauts Agency 3 Chair of Hephaestus,
Argonauts Agency 4 Glove of Midas,Argonauts Agency 4 Glove of Midas,
Argonauts Agency 5 Captive of Circe,Argonauts Agency 5 Captive of Circe,
Argonauts Agency 6 Missing Daughter,Argonauts Agency 6 Missing Daughter,
Arietta of Spirits,Arietta of Spirits,
Arise A Simple Story,Arise A Simple Story,
Arizona Sunshine,Arizona Sunshine,
Ark of Time,Ark of Time,
Ark Park,Ark Park,
ARK Ultimate Survivor Edition,ARK Ultimate Survivor Edition,
Arkanoid Eternal Battle,Arkanoid Eternal Battle,
Arkham Horror Mothers Embrace,Arkham Horror Mothers Embrace,
ArmaGallant Decks of Destiny,ArmaGallant Decks of Destiny,
Armello,Armello,
Armikrog,Armikrog,
Armored Core,Armored Core,
Armored Core 2,Armored Core 2,
Armored Core 2 Another Age,Armored Core 2 Another Age,
Armored Core 3,Armored Core 3,
Armored Core 3 Silent line,Armored Core 3 Silent line,
Armored Core 6 Fires of Rubicon,Armored Core 6 Fires of Rubicon,
Armored Core Last Raven,Armored Core Last Raven,
Armored Core Master of Arena,Armored Core Master of Arena,
Armored Core Nexus,Armored Core Nexus,
Armored Core Nine Breaker,Armored Core Nine Breaker,
Armored Core Project Phantasma,Armored Core Project Phantasma,
Army Men 3D,Army Men 3D,
Army Men Air Attack,Army Men Air Attack,
Army Men Air Attack 2,Army Men Air Attack 2,
Army Men Green Rogue,Army Men Green Rogue,
Army Men Major MalFunction,Army Men Major MalFunction,
Army Men Sarges Heroes,Army Men Sarges Heroes,
Army Men Sarges Heroes 2,Army Men Sarges Heroes 2,
Army Men Team Assault,Army Men Team Assault,
Army Men World War,Army Men World War,
Army Men World War Final Front,Army Men World War Final Front,
Army Men World War Land Sea and Air,Army Men World War Land Sea and Air,
Arrog,Arrog,
Arslan The Warriors of Legend,Arslan The Warriors of Legend,
Art of Balance,Art of Balance,
Art of Fighting Anthology,Art of Fighting Anthology,
Art of Rally,Art of Rally,
Arthur Ready To Race,Arthur Ready To Race,
Ary and The Secret of Seasons,Ary and The Secret of Seasons,
As Dusk Falls,As Dusk Falls,
Asdivine Dios,Asdivine Dios,
Asdivine Hearts,Asdivine Hearts,
Asdivine Menace,Asdivine Menace,
Ash of Gods Redemption,Ash of Gods Redemption,
Ashen,Ashen,
Ashes Cricket,Ashes Cricket,
Assassins Creed 3 Remastered,Assassins Creed 3 Remastered,
Assassins Creed 4 Black Flag Freedom Cry,Assassins Creed 4 Black Flag Freedom Cry,
Assassins Creed 4 Black Flag Gold Edition,Assassins Creed 4 Black Flag Gold Edition,
Assassins Creed Bloodlines,Assassins Creed Bloodlines,
Assassins Creed Chronicles,Assassins Creed Chronicles,
Assassins Creed Chronicles China,Assassins Creed Chronicles China,
Assassins Creed Mirage,Assassins Creed Mirage,
Assassins Creed Odyssey Gold Edition,Assassins Creed Odyssey Gold Edition,
Assassins Creed Odyssey Ultimate Edition,Assassins Creed Odyssey Ultimate Edition,
Assassins Creed Origins,Assassins Creed Origins,
Assassins Creed Rogue Remastered,Assassins Creed Rogue Remastered,
Assassins Creed Syndicate Gold Edition,Assassins Creed Syndicate Gold Edition,
Assassins Creed The Ezio Collection,Assassins Creed The Ezio Collection,
Assassins Creed Unity,Assassins Creed Unity,
Assassins Creed Valhalla Ultimate Edition,Assassins Creed Valhalla Ultimate Edition,
Assault Android Cactus,Assault Android Cactus,
Assault On Metaltron,Assault On Metaltron,
Assault Retribution,Assault Retribution,
Assault Rigs,Assault Rigs,
Assault Suit Leynos,Assault Suit Leynos,
Assault Suit Leynos 2,Assault Suit Leynos 2,
Assetto Corsa Competizione,Assetto Corsa Competizione,
Assetto Corsa Ultimate Edition,Assetto Corsa Ultimate Edition,
Astal,Astal,
Astalon Tears of The Earth,Astalon Tears of The Earth,
Astebreed,Astebreed,
Asterigos Curse of The Stars Deluxe Edition,Asterigos Curse of The Stars Deluxe Edition,
Asterix,Asterix,
Asterix and Obelix Slap Them All,Asterix and Obelix Slap Them All,
Asterix and Obelix XXL 2 Mission WiFix,Asterix and Obelix XXL 2 Mission WiFix,
Asterix and Obelix XXL 2 Roman Rumble in Las Vegum,Asterix and Obelix XXL 2 Roman Rumble in Las Vegum,
Asterix and Obelix XXL 3 The Crystal Menhir,Asterix and Obelix XXL 3 The Crystal Menhir,
Asterix and Obelix XXL Romastered,Asterix and Obelix XXL Romastered,
Asterix and Obelix XXXL The Ram From Hibernia,Asterix and Obelix XXXL The Ram From Hibernia,
Asteroids,Asteroids,
Astra Superstars,Astra Superstars,
Astria Ascending,Astria Ascending,
Astro Bot Rescue Mission,Astro Bot Rescue Mission,
Astroneer,Astroneer,
Atari 50 The Anniversary Celebration,Atari 50 The Anniversary Celebration,
Atari Anniversary Edition Redux,Atari Anniversary Edition Redux,
Atari Flashback Classics Vol 1,Atari Flashback Classics Vol 1,
Atari Flashback Classics Vol 2,Atari Flashback Classics Vol 2,
Atari Flashback Classics Vol 3,Atari Flashback Classics Vol 3,
Atelier Ayesha The Alchemist of Dusk DX,Atelier Ayesha The Alchemist of Dusk DX,
Atelier Escha and Logy Alchemists of The Dusk Sky DX,Atelier Escha and Logy Alchemists of The Dusk Sky DX,
Atelier Firis The Alchemist and the Mysterious Journey DX,Atelier Firis The Alchemist and the Mysterious Journey DX,
Atelier Firis The Alchemist of the Mysterious Journey,Atelier Firis The Alchemist of the Mysterious Journey,
Atelier Lulua The Scion of Arland,Atelier Lulua The Scion of Arland,
Atelier Lydie and Suelle The Alchemists and The Mysterious Paintings,Atelier Lydie and Suelle The Alchemists and The Mysterious Paintings,
Atelier Lydie and Suelle The Alchemists and the Mysterious Paintings DX,Atelier Lydie and Suelle The Alchemists and the Mysterious Paintings DX,
Atelier Marie Remake The Alchemist of Salburg Digital Deluxe Edition,Atelier Marie Remake The Alchemist of Salburg Digital Deluxe Edition,
Atelier Meruru The Apprentice of Arland DX,Atelier Meruru The Apprentice of Arland DX,
Atelier Rorona The Alchemist of Arland DX,Atelier Rorona The Alchemist of Arland DX,
Atelier Ryza 2 Lost Legends and The Secret Fairy,Atelier Ryza 2 Lost Legends and The Secret Fairy,
Atelier Ryza 3 Alchemist of The End and The Secret Key,Atelier Ryza 3 Alchemist of The End and The Secret Key,
Atelier Ryza Ever Darkness and The Secret Hideout,Atelier Ryza Ever Darkness and The Secret Hideout,
Atelier Shallie Alchemists of the Dusk Sea DX,Atelier Shallie Alchemists of the Dusk Sea DX,
Atelier Sophie 2 The Alchemist of The Mysterious Dream,Atelier Sophie 2 The Alchemist of The Mysterious Dream,
Atelier Sophie The Alchemist of The Mysterious Book,Atelier Sophie The Alchemist of The Mysterious Book,
Atelier Sophie The Alchemist of the Mysterious Book DX,Atelier Sophie The Alchemist of the Mysterious Book DX,
Atelier Totori The Adventurer of Arland DX,Atelier Totori The Adventurer of Arland DX,
Atelier Yumia The Alchemist of Memories and The Envisioned Land,Atelier Yumia The Alchemist of Memories and The Envisioned Land,
Atlantis 3 The New World,Atlantis 3 The New World,
Atlantis The Lost Tales,Atlantis The Lost Tales,
Atomfall Deluxe Edition,Atomfall Deluxe Edition,
Atomic Heart,Atomic Heart,
Atomicrops Deluxe Edition,Atomicrops Deluxe Edition,
Atrapa La Bandera,Atrapa La Bandera,
Attack of the Saucerman,Attack of the Saucerman,
Attack of The Toy Tanks,Attack of The Toy Tanks,
Attack on Titan 2,Attack on Titan 2,
Attack on Titan 2 Final Battle,Attack on Titan 2 Final Battle,
Attack on Titan Wings of Freedom,Attack on Titan Wings of Freedom,
ATV Drift and Tricks,ATV Drift and Tricks,
ATV Mania,ATV Mania,
ATV Quad Power Racing,ATV Quad Power Racing,
ATV Renegades,ATV Renegades,
Audica,Audica,
Austin Powers Pinball,Austin Powers Pinball,
Auto Destruct,Auto Destruct,
Auto Modellista,Auto Modellista,
Autobahn Police Simulator 2,Autobahn Police Simulator 2,
Autobahn Police Simulator 3,Autobahn Police Simulator 3,
Autonauts,Autonauts,
Avatar The Last Airbender,Avatar The Last Airbender,
Avatar The Last Airbender Quest for Balance,Avatar The Last Airbender Quest for Balance,
Aven Colony,Aven Colony,
AVICII Invector,AVICII Invector,
AWAY The Survival Series,AWAY The Survival Series,
Awesome Pea 2,Awesome Pea 2,
Awesomenauts Assemble,Awesomenauts Assemble,
Axiom Verge,Axiom Verge,
Axiom Verge 2,Axiom Verge 2,
Ayrton Senna Kart Duel,Ayrton Senna Kart Duel,
Ayrton Senna Kart Duel 2,Ayrton Senna Kart Duel 2,
Azayaka na Irodori no Naka de Kimi Rashiku,Azayaka na Irodori no Naka de Kimi Rashiku,
